continent,meanPop1952,meanPop2007,meanPopChange,meanPopPropChange
Africa,4570009.634615385,17875763.307692308,13305753.673076924,3.91
Americas,13806097.84,35954847.36,22148749.52,2.6
Asia,42283556.09090909,115513752.33333333,73230196.24242423,2.73
Europe,13937361.533333333,19536617.633333333,5599256.1,1.4
